outcome,strategy,model,budget_fraction,evaluation_n,targeted_n,gain,incremental_per_10000,ci_lower_per_10000,ci_upper_per_10000,vs_random_per_10000,vs_random_ci_lower_per_10000,vs_random_ci_upper_per_10000,incremental_per_1000_targeted,normalized_cost_per_10000,default_budget
visit,no_treatment,none,0,600000,0,0,0,0,0,0,0,0,,0,False
visit,all_treatment,none,1,600000,600000,0.0105334340524,105.334340524,92.0421858166,117.986958429,0,0,0,10.5334340524,10000,False
visit,random,none,0,600000,0,0,0,0,0,0,0,0,,0,False
visit,random,none,0.05,600000,30000,0.000526671702619,5.26671702619,4.60210929083,5.89934792144,0,0,0,10.5334340524,500,False
visit,random,none,0.1,600000,60000,0.00105334340524,10.5334340524,9.20421858166,11.7986958429,0,0,0,10.5334340524,1000,False
visit,random,none,0.2,600000,120000,0.00210668681048,21.0668681048,18.4084371633,23.5973916858,0,0,0,10.5334340524,2000,True
visit,random,none,0.3,600000,180000,0.00316003021572,31.6003021572,27.612655745,35.3960875287,0,0,0,10.5334340524,3000,False
visit,random,none,0.5,600000,300000,0.00526671702619,52.6671702619,46.0210929083,58.9934792144,0,0,0,10.5334340524,5000,False
visit,random,none,0.7,600000,420000,0.00737340383667,73.7340383667,64.4295300716,82.5908709002,0,0,0,10.5334340524,7000,False
visit,random,none,1,600000,600000,0.0105334340524,105.334340524,92.0421858166,117.986958429,0,0,0,10.5334340524,10000,False
visit,response,response,0,600000,0,0,0,0,0,0,0,0,,0,False
visit,response,response,0.05,600000,30000,0.00551472165549,55.1472165549,44.6585813804,64.4826840505,49.8804995287,39.8942855714,58.8889236826,110.29443311,500,False
visit,response,response,0.1,600000,60000,0.00802404843814,80.2404843814,68.5975689568,91.3935776711,69.707050329,59.1520696999,79.6156342192,80.2404843814,1000,False
visit,response,response,0.2,600000,120000,0.00972816371721,97.2816371721,84.5816965952,109.834487135,76.2147690674,66.1126671934,86.5536351062,48.6408185861,2000,True
visit,response,response,0.3,600000,180000,0.0102618386033,102.618386033,89.4385112798,115.082436389,71.018083876,62.1078606889,79.838962177,34.2061286777,3000,False
visit,response,response,0.5,600000,300000,0.0103760029663,103.760029663,89.9734467148,116.288216518,51.0928594011,44.2697997892,57.3911892681,20.7520059326,5000,False
visit,response,response,0.7,600000,420000,0.0105047137704,105.047137704,91.3846971221,117.747544031,31.313099337,27.0324332524,35.3452602989,15.0067339577,7000,False
visit,response,response,1,600000,600000,0.0105334340524,105.334340524,92.0421858166,117.986958429,0,0,0,10.5334340524,10000,False
visit,uplift,s_learner,0,600000,0,0,0,0,0,0,0,0,,0,False
visit,uplift,s_learner,0.05,600000,30000,0.00638518002333,63.8518002333,55.9679631974,71.1244454523,58.5850832071,51.1180937308,65.6922768437,127.703600467,500,False
visit,uplift,s_learner,0.1,600000,60000,0.00867883994868,86.7883994868,77.4383359519,96.2731790619,76.2549654344,67.6514209923,84.5069387441,86.7883994868,1000,False
visit,uplift,s_learner,0.2,600000,120000,0.0089589185883,89.589185883,78.9010740636,100.213955838,68.5223177782,59.9154936785,77.1223448502,44.7945929415,2000,True
visit,uplift,s_learner,0.3,600000,180000,0.00898205509734,89.8205509734,77.737613632,101.005070962,58.2202488163,49.878261599,66.3681481349,29.9401836578,3000,False
visit,uplift,s_learner,0.5,600000,300000,0.00948960221414,94.8960221414,82.7409022615,107.20012734,42.2288518795,35.9092195379,48.476952875,18.9792044283,5000,False
visit,uplift,s_learner,0.7,600000,420000,0.00955360250208,95.5360250208,83.2695538273,107.642778295,21.801986654,16.8085264324,26.8617331964,13.6480035744,7000,False
visit,uplift,s_learner,1,600000,600000,0.0105334340524,105.334340524,92.0421858166,117.986958429,0,0,0,10.5334340524,10000,False
conversion,no_treatment,none,0,600000,0,0,0,0,0,0,0,0,,0,False
conversion,all_treatment,none,1,600000,600000,0.00111200426747,11.1200426747,8.02406772183,14.4659966293,0,0,0,1.11200426747,10000,False
conversion,random,none,0,600000,0,0,0,0,0,0,0,0,,0,False
conversion,random,none,0.05,600000,30000,5.56002133737e-05,0.556002133737,0.401203386092,0.723299831464,0,0,0,1.11200426747,500,False
conversion,random,none,0.1,600000,60000,0.000111200426747,1.11200426747,0.802406772183,1.44659966293,0,0,0,1.11200426747,1000,False
conversion,random,none,0.2,600000,120000,0.000222400853495,2.22400853495,1.60481354437,2.89319932585,0,0,0,1.11200426747,2000,True
conversion,random,none,0.3,600000,180000,0.000333601280242,3.33601280242,2.40722031655,4.33979898878,0,0,0,1.11200426747,3000,False
conversion,random,none,0.5,600000,300000,0.000556002133737,5.56002133737,4.01203386092,7.23299831464,0,0,0,1.11200426747,5000,False
conversion,random,none,0.7,600000,420000,0.000778402987232,7.78402987232,5.61684740528,10.1261976405,0,0,0,1.11200426747,7000,False
conversion,random,none,1,600000,600000,0.00111200426747,11.1200426747,8.02406772183,14.4659966293,0,0,0,1.11200426747,10000,False
conversion,response,response,0,600000,0,0,0,0,0,0,0,0,,0,False
conversion,response,response,0.05,600000,30000,0.000789859069496,7.89859069496,5.1203433402,10.8895125845,7.34258856122,4.70369473769,10.2243554886,15.7971813899,500,False
conversion,response,response,0.1,600000,60000,0.000902897134098,9.02897134098,6.05136549486,12.3670023126,7.9169670735,5.20997157393,10.9241938972,9.02897134098,1000,False
conversion,response,response,0.2,600000,120000,0.00100809882896,10.0809882896,7.07397097187,13.4547796436,7.85697975469,5.38916371882,10.5948795615,5.04049414482,2000,True
conversion,response,response,0.3,600000,180000,0.00106626269488,10.6626269488,7.51100171026,14.064702904,7.32661414635,5.12446116848,9.6952343444,3.55420898293,3000,False
conversion,response,response,0.5,600000,300000,0.00109501566111,10.9501566111,7.830672549,14.2732871715,5.39013527375,3.82251385234,7.06693103498,2.19003132222,5000,False
conversion,response,response,0.7,600000,420000,0.00109239700102,10.9239700102,7.80214943457,14.2420767601,3.13994013789,2.21111922492,4.14841099505,1.56056714432,7000,False
conversion,response,response,1,600000,600000,0.00111200426747,11.1200426747,8.02406772183,14.4659966293,0,0,0,1.11200426747,10000,False
conversion,uplift,t_learner,0,600000,0,0,0,0,0,0,0,0,,0,False
conversion,uplift,t_learner,0.05,600000,30000,0.000759223818756,7.59223818756,5.19789842984,10.2760264167,7.03623605382,4.76849739066,9.61148523872,15.1844763751,500,False
conversion,uplift,t_learner,0.1,600000,60000,0.000863774117021,8.63774117021,5.83959843756,11.3685982784,7.52573690274,5.05367697553,9.95083464046,8.63774117021,1000,False
conversion,uplift,t_learner,0.2,600000,120000,0.000934992062317,9.34992062317,6.66472664548,12.3863041449,7.12591208822,4.95816859647,9.52979013229,4.67496031159,2000,True
conversion,uplift,t_learner,0.3,600000,180000,0.000955244188525,9.55244188525,6.83497926268,12.5160715483,6.21642908283,4.17193769654,8.27443957148,3.18414729508,3000,False
conversion,uplift,t_learner,0.5,600000,300000,0.000980727098069,9.80727098069,7.20793176126,12.9261580655,4.24724964332,2.76909291195,5.94098988721,1.96145419614,5000,False
conversion,uplift,t_learner,0.7,600000,420000,0.000996412911232,9.96412911232,7.39156693431,13.0624449094,2.18009923999,0.873288952438,3.50417198686,1.42344701605,7000,False
conversion,uplift,t_learner,1,600000,600000,0.00111200426747,11.1200426747,8.02406772183,14.4659966293,0,0,0,1.11200426747,10000,False
