outcome,model,decile,n,n_treatment,n_control,positive_treatment,positive_control,rate_treatment,rate_control,observed_rate_difference,ipw_uplift,mean_predicted_score,low_outcome_support,selected_model
visit,s_learner,1,60000,51745,8255,14600,1795,0.282152865011,0.217443973349,0.0647088916616,0.0867883994868,0.0513648643701,False,True
visit,s_learner,2,60000,50987,9013,4337,740,0.0850608978759,0.0821036280928,0.00295726978317,0.00280078639618,0.00682139982807,False,True
visit,s_learner,3,60000,50897,9103,1032,180,0.0202762441794,0.0197737009777,0.000502543201722,0.00023136509046,0.00157551687932,False,True
visit,s_learner,4,60000,50845,9155,603,85,0.0118595732127,0.00928454396505,0.00257502924766,0.00237716289022,0.000639887414015,False,True
visit,s_learner,5,60000,51024,8976,387,44,0.00758466603951,0.00490196078431,0.0026827052552,0.00269830827776,0.000194837700513,False,True
visit,s_learner,6,60000,50801,9199,104,15,0.0020472037952,0.00163061202305,0.000416591772155,0.000372211220358,2.6081127183e-05,True,True
visit,s_learner,7,60000,50842,9158,59,8,0.00116045788915,0.00087355317755,0.000286904711597,0.000267791658991,1.07749581085e-05,True,True
visit,s_learner,8,60000,50896,9104,40,5,0.000785916378497,0.00054920913884,0.000236707239657,0.000228642494535,0,True,True
visit,s_learner,9,60000,50943,9057,36,6,0.000706672163006,0.000662471016893,4.42011461127e-05,3.90837960067e-05,-2.76262083615e-06,True,True
visit,s_learner,10,60000,51035,8965,3507,533,0.0687175467816,0.0594534300056,0.00926411677604,0.00953058921256,-0.00368006932604,False,True
visit,t_learner,1,60000,51639,8361,13421,1698,0.259900462828,0.203085755292,0.0568147075361,0.0744510067123,0.0903319279383,False,False
visit,t_learner,2,60000,51020,8980,2872,428,0.0562916503332,0.0476614699332,0.00863018040002,0.00874858645018,0.0119039520299,False,False
visit,t_learner,3,60000,50995,9005,860,123,0.0168643984704,0.0136590782898,0.0032053201806,0.0031933043254,0.00247929199051,False,False
visit,t_learner,4,60000,50796,9204,378,60,0.0074415308292,0.00651890482399,0.00092262600521,0.00074376875622,0.000635714198526,False,False
visit,t_learner,5,60000,50852,9148,193,24,0.0037953276174,0.0026235242676,0.0011718033498,0.00111709124022,-0.000179887287452,True,False
visit,t_learner,6,60000,50834,9166,109,10,0.00214423417398,0.00109098843552,0.00105324573846,0.00102589571621,-0.00056190789158,True,False
visit,t_learner,7,60000,50947,9053,85,17,0.00166840049463,0.00187783055341,-0.000209430058776,-0.000222586107681,-0.000813551757935,True,False
visit,t_learner,8,60000,50894,9106,45,10,0.000884190670806,0.00109817702614,-0.000213986355331,-0.000228969336783,-0.000898198087861,True,False
visit,t_learner,9,60000,50937,9063,57,9,0.00111902938925,0.000993048659384,0.000125980729861,0.000117447493369,-0.000926373296862,True,False
visit,t_learner,10,60000,51101,8899,6685,1032,0.130819357743,0.115968086302,0.0148512714407,0.0163887952745,-0.0253538610502,False,False
visit,response,1,60000,51651,8349,19129,2653,0.370351009661,0.3177626063,0.0525884033608,0.0802404843814,0.361626578439,False,False
visit,response,2,60000,51078,8922,3635,488,0.0711656681937,0.0546962564447,0.016469411749,0.0170411527908,0.0696319637066,False,False
visit,response,3,60000,51113,8887,1043,136,0.0204057676129,0.015303251941,0.0051025156719,0.00533674886097,0.0193416513502,False,False
visit,response,4,60000,50928,9072,391,57,0.00767750549796,0.00628306878307,0.00139443671489,0.00133205211826,0.00801280480725,False,False
visit,response,5,60000,50750,9250,217,40,0.00427586206897,0.00432432432432,-4.84622553588e-05,-0.000190408488373,0.00481334838252,False,False
visit,response,6,60000,50914,9086,121,13,0.00237655654633,0.00143077261721,0.00094578392912,0.000927794015491,0.00210164730264,True,False
visit,response,7,60000,50908,9092,58,7,0.00113931012807,0.000769907611087,0.000369402516988,0.000359314025255,0.0012668161335,True,False
visit,response,8,60000,50792,9208,41,8,0.000807213734446,0.000868809730669,-6.15959962226e-05,-8.51391371617e-05,0.000983065109762,True,False
visit,response,9,60000,50965,9035,38,4,0.000745609732169,0.000442722744881,0.000302886987288,0.000300557594346,0.000872281524247,True,False
visit,response,10,60000,50916,9084,32,5,0.000628486134025,0.000550418317922,7.8067816103e-05,7.17843629115e-05,0.000843726690428,True,False
visit,x_learner,1,60000,51639,8361,13754,1722,0.266349077248,0.205956225332,0.0603928519159,0.0783131152559,0.0389690655555,False,False
visit,x_learner,2,60000,51259,8741,2783,384,0.0542929046606,0.0439309003547,0.010362004306,0.0118932435754,0.00676016690549,False,False
visit,x_learner,3,60000,50873,9127,1490,245,0.0292886206829,0.0268434315766,0.00244518910624,0.00198806699933,0.00408041758833,False,False
visit,x_learner,4,60000,50839,9161,460,69,0.00904817167922,0.00753192882873,0.00151624285049,0.00135139791091,0.0037843033289,False,False
visit,x_learner,5,60000,50810,9190,458,70,0.00901397362724,0.0076169749728,0.00139699865444,0.00120105374529,0.00378024888152,False,False
visit,x_learner,6,60000,50808,9192,86,29,0.00169264682727,0.00315491731941,-0.00146227049214,-0.00153653443383,0.00366704025911,True,False
visit,x_learner,7,60000,50866,9134,60,2,0.00117956985019,0.000218962119553,0.000960607730641,0.000954176721744,0.00365749721883,True,False
visit,x_learner,8,60000,51058,8942,46,10,0.000900936190215,0.00111831804965,-0.000217381859438,-0.00020936207033,0.00365749721883,True,False
visit,x_learner,9,60000,50838,9162,41,9,0.000806483339234,0.00098231827112,-0.000175834931885,-0.000196268769878,0.00365749721883,True,False
visit,x_learner,10,60000,51025,8975,5527,871,0.108319451249,0.0970473537604,0.0112720974889,0.0115754515893,-0.00257893517486,False,False
conversion,s_learner,1,60000,51630,8370,1129,130,0.0218671315127,0.015531660693,0.00633547081974,0.00768975157222,0.00475868291769,False,False
conversion,s_learner,2,60000,51065,8935,82,9,0.00160579653383,0.00100727476217,0.000598521771658,0.000607629154693,0.000235736358162,True,False
conversion,s_learner,3,60000,50907,9093,36,3,0.000707171901703,0.000329924117453,0.00037724778425,0.000372472694156,6.03515516217e-05,True,False
conversion,s_learner,4,60000,50797,9203,8,2,0.000157489615528,0.000217320438987,-5.98308234588e-05,-6.54011338095e-05,1.5209163145e-07,True,False
conversion,s_learner,5,60000,50841,9159,10,1,0.000196691646506,0.000109182225134,8.7509421372e-05,8.49430318129e-05,0,True,False
conversion,s_learner,6,60000,50961,9039,10,0,0.000196228488452,0,0.000196228488452,0.000196072664529,0,True,False
conversion,s_learner,7,60000,50982,9018,6,0,0.000117688595975,0,0.000117688595975,0.000117643598718,0,True,False
conversion,s_learner,8,60000,50974,9026,6,0,0.000117707066348,0,0.000117707066348,0.000117643598718,0,True,False
conversion,s_learner,9,60000,50806,9194,4,0,7.873085856e-05,0,7.873085856e-05,7.84290658118e-05,0,True,False
conversion,s_learner,10,60000,51052,8948,268,30,0.00524954947896,0.00335270451498,0.00189684496399,0.00192085842789,-0.00078325954818,False,False
conversion,t_learner,1,60000,51589,8411,1098,116,0.0212836069705,0.0137914635596,0.00749214341085,0.00863774117021,0.0139867103242,False,True
conversion,t_learner,2,60000,51051,8949,93,10,0.00182170770406,0.00111744328975,0.000704264414308,0.000712179452958,0.000643545225866,True,True
conversion,t_learner,3,60000,50955,9045,33,4,0.000647630261996,0.000442233278054,0.000205396983942,0.000202521262081,9.42182432212e-05,True,True
conversion,t_learner,4,60000,50791,9209,21,1,0.000413459077396,0.00010858942339,0.000304869654005,0.000300622962795,-9.09350224926e-05,True,True
conversion,t_learner,5,60000,50937,9063,9,2,0.000176688850934,0.000220677479863,-4.39886289297e-05,-4.57938673566e-05,-0.000170970697896,True,True
conversion,t_learner,6,60000,50764,9236,6,0,0.000118193995745,0,0.000118193995745,0.000117643598718,-0.000181296653048,True,True
conversion,t_learner,7,60000,51003,8997,2,0,3.92133796051e-05,0,3.92133796051e-05,3.92145329059e-05,-0.000181296653048,True,True
conversion,t_learner,8,60000,51121,8879,5,0,9.78071633966e-05,0,9.78071633966e-05,9.80363322647e-05,-0.000181296653048,True,True
conversion,t_learner,9,60000,50796,9204,2,0,3.93731789905e-05,0,3.93731789905e-05,3.92145329059e-05,-0.000181296653048,True,True
conversion,t_learner,10,60000,51008,8992,290,42,0.00568538268507,0.00467081850534,0.00101456417973,0.00101866269726,-0.00322650050572,False,True
conversion,response,1,60000,51665,8335,1356,158,0.0262460079357,0.0189562087582,0.00728979917749,0.00902897134098,0.0243116160548,False,False
conversion,response,2,60000,51091,8909,116,11,0.00227045859349,0.0012347064766,0.00103575211689,0.00105201694866,0.00166979446187,True,False
conversion,response,3,60000,51054,8946,41,2,0.000803071257884,0.000223563603845,0.000579507654039,0.000581638659138,0.000697123088159,True,False
conversion,response,4,60000,50735,9265,17,1,0.000335074406228,0.000107933081489,0.000227141324739,0.000222193896984,0.000422344439285,True,False
conversion,response,5,60000,50812,9188,9,1,0.000177123514131,0.000108837614279,6.8285899851e-05,6.533576536e-05,0.000275465437505,True,False
conversion,response,6,60000,50856,9144,5,2,9.83168161082e-05,0.000218722659668,-0.000120405843559,-0.000124222933168,0.000183985172115,True,False
conversion,response,7,60000,50847,9153,5,0,9.83342183413e-05,0,9.83342183413e-05,9.80363322647e-05,0.000176496287432,True,False
conversion,response,8,60000,51101,8899,5,0,9.78454433377e-05,0,9.78454433377e-05,9.80363322647e-05,0.000176496287432,True,False
conversion,response,9,60000,50922,9078,4,0,7.85515101528e-05,0,7.85515101528e-05,7.84290658118e-05,0.000176496287432,True,False
conversion,response,10,60000,50932,9068,1,0,1.9634021833e-05,0,1.9634021833e-05,1.96072664529e-05,0.000176496287432,True,False
