outcome,feature,response_gain_importance,interpretation
visit,f0,0.0076144186205,响应预测关联；不表示特征因果效应
visit,f1,0,响应预测关联；不表示特征因果效应
visit,f2,0.160544222087,响应预测关联；不表示特征因果效应
visit,f3,0.00700308198482,响应预测关联；不表示特征因果效应
visit,f4,0.000538316820623,响应预测关联；不表示特征因果效应
visit,f5,1.75226038794e-05,响应预测关联；不表示特征因果效应
visit,f6,0.0221367016193,响应预测关联；不表示特征因果效应
visit,f7,0.00045340247558,响应预测关联；不表示特征因果效应
visit,f8,0.637789545553,响应预测关联；不表示特征因果效应
visit,f9,0.15767007231,响应预测关联；不表示特征因果效应
visit,f10,0.00570142844463,响应预测关联；不表示特征因果效应
visit,f11,0.000531287480945,响应预测关联；不表示特征因果效应
conversion,f0,0.0335099688039,响应预测关联；不表示特征因果效应
conversion,f1,7.65305824095e-06,响应预测关联；不表示特征因果效应
conversion,f2,0.0493712436852,响应预测关联；不表示特征因果效应
conversion,f3,0.0136993341963,响应预测关联；不表示特征因果效应
conversion,f4,0.110204910486,响应预测关联；不表示特征因果效应
conversion,f5,0,响应预测关联；不表示特征因果效应
conversion,f6,0.0539936340833,响应预测关联；不表示特征因果效应
conversion,f7,0.00312698255699,响应预测关联；不表示特征因果效应
conversion,f8,0.245036012976,响应预测关联；不表示特征因果效应
conversion,f9,0.102099625167,响应预测关联；不表示特征因果效应
conversion,f10,0.186702186381,响应预测关联；不表示特征因果效应
conversion,f11,0.202248448606,响应预测关联；不表示特征因果效应
